Feature,Mean |SHAP|,Rank
ap_hi,0.54074705,1
age_years,0.27479717,2
ap_lo,0.2395696,3
cholesterol,0.22366112,4
pulse_pressure,0.16188562,5
BMI,0.07203146,6
active,0.067827016,7
weight,0.047166567,8
gluc,0.035802417,9
smoke,0.027752383,10
height,0.021194953,11
alco,0.019842159,12
gender,0.014148952,13
